"type","movieNum"
"10-12 Years","2"
"106","2"
"15/12/2004","1"
"28044","1"
"3-6 Years","78"
"4-for-3 DVD","48"
"7-9 Years","7"
"84","1"
"9","1"
"A&E Home Video","910"
"ABC News","61"
"Accessories","11"
"Accessories & Supplies","4"
"Action","5396"
"Adhesives","1"
"Adventure","2329"
"African American Cinema","60"
"amazon.com/dp/B0002I5QVS","1"
"and Culture","1165"
"Animation","1174"
"Anime","161"
"Art House & International","5973"
"Arthouse","1775"
"Arts","1165"
"B0002I5QVS","1"
"BBC","427"
"Best Friend Forgotten ","1"
"Birth-2 Years","12"
"Blu-ray","6781"
"Boys","2"
"British Television","1"
"Building Supplies","2"
"Camera & Photo","2"
"Cartoon Network","6"
"CBS News Network","15"
"Characters & Series","177"
"Charlie Rose Store","59"
"Chris Hyde""","2"
"Christian Movies & TV","3"
"Christian Video","308"
"Classical","898"
"Classics","738"
"Comedy","8369"
"Computers & Accessories","1"
"Crafting","7"
"Craig Smith""","1"
"Criterion Collection","458"
"Cult Movies","948"
"DC Comics Collection","4"
"Digital VHS","4"
"Discovery Channel","46"
"Disney Home Video","767"
"Documentary","2063"
"Docurama","141"
"Dogs","2"
"Drama","11578"
"Drawing & Art Supplies","11"
"Duchovny","1"
"Dwayne McDuffie""","1"
"Educational","43"
"Electrical","1"
"Entertainment","1165"
"Erotic","1"
"Erotic""","1"
"Faith and Spirituality","45"
"Fantasy","739"
"Felice Laudadio","1"
"Finders & Accessories","1"
"Fish & Aquatic Pets","1"
"Fitness","22"
"Foot","3"
"Fragrance","1"
"Fully Loaded DVDs","1319"
"FX","4"
"Games & Accessories","2"
"Gardening & Lawn Care","1"
"Gary Oldman""","1"
"Genre for Featured Categories","96706"
"George Sluizer","1"
"Georges Montforez","1"
"GPS","1"
"Hand & Nail Care","3"
"Hardware","1"
"HBO","535"
"HDNet","2"
"Health Care","2"
"High-Definition DVDs","3"
"Historical","158"
"History Channel","5"
"Horror","4196"
"Independently Distributed","12732"
"Indie & Alternative","913"
"Indie & Art House","65"
"International","1180"
"Jacqui Manning-Albert","1"
"James Bond","59"
"Jane Austen on DVD Store","15"
"Jean Rollin""","1"
"Jean-Jacques Beineix","1"
"Jean-Luc Godard""","2"
"Jeffrey Eugenides","1"
"Jewish Heritage","109"
"Jir閾?Brdecka","1"
"John McGrath","1"
"John Wayne Store","211"
"Kids","1877"
"Knitting & Crochet","4"
"Legacy Systems","29"
"LGBTQ","527"
"Made-for-TV Movies","143"
"Makeup","3"
"Medical Supplies & Equipment","1"
"Men","1"
"MGM Home Entertainment","1761"
"Michele Massimo Tarantini""","1"
"Miguel Zacar閾哸s","1"
"Military and War","376"
"Mini-DVD","1"
"Miniseries","2"
"MOD CreateSpace Video","1037"
"Monty Python Store","6"
"Motorcycle & Powersports","1"
"Movies","3132"
"Musicals & Performing Arts","5162"
"N","1"
"NCAA on Demand","41"
"Needlework","3"
"None","42"
"Novelty & Gag Toys","1"
"Novelty & More","3"
"Office & School Supplies","42"
"Olympics","1"
"Outdoor D鑼卌or","1"
"Outdoor Power Tools","1"
"Paint","2"
"Painting","11"
"Pantry Staples","1"
"Paramount Home Entertainment","1391"
"PC","2"
"Power & Hand Tools","7"
"Replacement Parts","2"
"Romance","711"
"Safety & Security","2"
"Sci-Fi Series & Sequels","38"
"Science Fiction","2017"
"Science Fiction & Fantasy","7263"
"Scrapbooking & Stamping","2"
"Sealants & Lubricants","1"
"Sewing","4"
"Shakespeare on DVD Store","219"
"Showtime","17"
"Skin Care","3"
"Spanish Language","972"
"Sports","145"
"Sports & Fitness","5"
"Steven Rogers""","1"
"Studio Recording Equipment","2"
"Studio Specials","19434"
"Suspense","5201"
"Talk Show and Variety","8"
"Television & Video","3"
"Terminator","7"
"The Comedy Central Store","20"
"The Twilight Zone","23"
"Thomas Harris""","2"
"Tools & Accessories","2"
"Travel Channel","1"
"Tweens","1"
"Universal Media Discs","2"
"Unscripted","158"
"Wall Treatments & Supplies","2"
"Walt Disney Studios Home Entertainment","596"
"Welding & Soldering","1"
"Western","907"
"Widescreen","628"
"Women","4"
"Yoga","275"
"Young Adult Audience","319"
